,Book_ID,Author,Title,URL,LoC_class,Subject,Subject2,Subject3,Subject4
447,3722,"Stratton-Porter, Gene",A Daughter of the Land,http://www.gutenberg.org/ebooks/3722.txt.utf-8,PZ,PS,Farm life -- Indiana -- Fiction,Sex role -- Fiction,Indiana -- Fiction
487,9988,"Maniates, Belle Kanaris",Amarilly of Clothes-line Alley,http://www.gutenberg.org/ebooks/9988.txt.utf-8,PS,Young women -- Fiction,Poor -- Fiction,,
794,39215,"Weyman, Stanley John",The New Rector,http://www.gutenberg.org/ebooks/39215.txt.utf-8,England -- Social life and customs -- 19th century -- Fiction,Clergy -- England -- Fiction,PR,,
1091,14534,"Finley, Martha",Christmas with Grandma Elsie,http://www.gutenberg.org/ebooks/14534.txt.utf-8,PZ,"Dinsmore, Elsie (Fictitious character) -- Juvenile fiction",Christmas stories,Christian life -- Juvenile fiction,
1211,81,"Burroughs, Edgar Rice",The Return of Tarzan,http://www.gutenberg.org/ebooks/81.txt.utf-8,PZ,Fantasy fiction,Tarzan (Fictitious character) -- Fiction,Adventure stories,PS
1478,6058,"Tourgée, Albion Winegar",Bricks Without Straw: A Novel,http://www.gutenberg.org/ebooks/6058.txt.utf-8,PS,"Reconstruction (U.S. history, 1865-1877) -- Fiction",Freedmen -- Southern States -- Fiction,African Americans -- Southern States -- Fiction,Historical fiction
1545,14211,"Ford, Paul Leicester",Wanted—A Match Maker,http://www.gutenberg.org/ebooks/14211.txt.utf-8,New York (N.Y.) -- Fiction,Love stories,Medical fiction,PS,
1619,29776,"Libbey, Laura Jean","Pretty Madcap Dorothy; Or, How She Won a Lover",http://www.gutenberg.org/ebooks/29776.txt.utf-8,PS,United States -- Social life and customs -- 1865-1918 -- Fiction,Bookbinders -- New York (State) -- New York -- Fiction,Women employees -- New York (State) -- New York -- Fiction,
1737,21664,"Castlemon, Harry","George at the Fort; Or, Life Among the Soldiers",http://www.gutenberg.org/ebooks/21664.txt.utf-8,PZ,Conduct of life -- Juvenile fiction,Soldiers -- Juvenile fiction,Friendship -- Juvenile fiction,Indians of North America -- Juvenile fiction
2085,149,"Burroughs, Edgar Rice",The Lost Continent,http://www.gutenberg.org/ebooks/149.txt.utf-8,England -- Fiction,PS,Science fiction,Fantasy fiction,
2152,702,"Young, Martha",Somebody's Little Girl,http://www.gutenberg.org/ebooks/702.txt.utf-8,PZ,Girls -- Juvenile fiction,Orphanages -- Juvenile fiction,,
2206,41802,"Castlemon, Harry",Frank in the Mountains,http://www.gutenberg.org/ebooks/41802.txt.utf-8,Youth -- Conduct of life -- Juvenile fiction,PZ,Western stories,Conduct of life -- Juvenile fiction,Outdoor life -- Juvenile fiction
2254,111,"Stratton-Porter, Gene",Freckles,http://www.gutenberg.org/files/111/111-0.txt,PS,PZ,Orphans -- Fiction,Swamps -- Fiction,People with disabilities -- Fiction
2472,33066,"Brand, Max",The Garden of Eden,http://www.gutenberg.org/ebooks/33066.txt.utf-8,PS,Western stories,Horses -- Fiction,Religion -- Fiction,
3040,5895,"Curwood, James Oliver",The Honor of the Big Snows,http://www.gutenberg.org/ebooks/5895.txt.utf-8,"Northwest, Canadian -- Fiction",Western stories,Wilderness areas -- Fiction,PS,
3353,39216,"Weyman, Stanley John",The Snowball,http://www.gutenberg.org/ebooks/39216.txt.utf-8,PR,Historical fiction,"France -- History -- Henry IV, 1589-1610 -- Fiction",,
3453,96,"Burroughs, Edgar Rice",The Monster Men,http://www.gutenberg.org/ebooks/96.txt.utf-8,PS,Fantasy fiction,Science fiction,,
3487,25159,"Footner, Hulbert",Two on the Trail: A Story of the Far Northwest,http://www.gutenberg.org/ebooks/25159.txt.utf-8,PS,Canada -- Fiction,Adventure stories,,
3637,25875,"Footner, Hulbert",The Woman from Outside [On Swan River],http://www.gutenberg.org/ebooks/25875.txt.utf-8,PS,Detective and mystery stories,Royal North West Mounted Police (Canada) -- Fiction,Canada -- Fiction,
3999,1939,"Weyman, Stanley John",A Gentleman of France: Being the Memoirs of Gaston de Bonne Sieur de Marsac,http://www.gutenberg.org/files/1939/1939-0.txt,PR,Historical fiction,"France -- History -- Henry III, 1574-1589 -- Fiction",,
4045,31635,"Tracy, Louis",The Silent Barrier,http://www.gutenberg.org/ebooks/31635.txt.utf-8,PR,Voyages and travels -- Fiction,Mystery fiction,Switzerland -- Fiction,Adventure stories
4203,42358,"Castlemon, Harry",Frank at Don Carlos' Rancho,http://www.gutenberg.org/files/42358/42358-0.txt,Children -- Conduct of life -- Juvenile fiction,PZ,Conduct of life -- Juvenile fiction,Ranches -- Juvenile fiction,Country life -- Juvenile fiction
4486,2079,"Weyman, Stanley John",From the Memoirs of a Minister of France,http://www.gutenberg.org/ebooks/2079.txt.utf-8,PR,France -- Kings and rulers -- Fiction,"Henry IV, King of France, 1553-1610 -- Fiction",Biographical fiction,
4611,286,"Stratton-Porter, Gene",Laddie: A True Blue Story,http://www.gutenberg.org/ebooks/286.txt.utf-8,PS,Didactic fiction,Indiana -- Fiction,,
4843,26616,"Leslie, Madeline",Minnie's Pet Dog,http://www.gutenberg.org/ebooks/26616.txt.utf-8,Children -- Conduct of life -- Juvenile fiction,Children and animals -- Juvenile fiction,Dogs -- Juvenile fiction,PZ,Pets -- Social aspects -- Juvenile fiction
5135,6352,"Holmes, Mary Jane","Dora Deane; Or, The East India Uncle",http://www.gutenberg.org/ebooks/6352.txt.utf-8,Uncles -- Fiction,Conduct of life -- Fiction,Orphans -- Fiction,Domestic fiction,PS
5149,48357,"Finley, Martha",Elsie and Her Loved Ones,http://www.gutenberg.org/files/48357/48357-0.txt,War -- Juvenile fiction,Parent and child -- Juvenile fiction,PZ,Soldiers -- Juvenile fiction,Family -- Juvenile fiction
5644,38985,"Weyman, Stanley John",My Lady Rotha: A Romance,http://www.gutenberg.org/ebooks/38985.txt.utf-8,"Thirty Years' War, 1618-1648 -- Fiction",PR,Historical fiction,,
5838,10696,"Curwood, James Oliver",The Danger Trail,http://www.gutenberg.org/ebooks/10696.txt.utf-8,PS,Northwest Territories -- Fiction,Hudson Bay Railway -- Fiction,,
6387,4748,"Curwood, James Oliver","Baree, Son of Kazan",http://www.gutenberg.org/ebooks/4748.txt.utf-8,PS,Western stories,Nature stories,Dogs -- Fiction,Wolves -- Fiction
6404,14379,"Finley, Martha",Elsie at Nantucket,http://www.gutenberg.org/ebooks/14379.txt.utf-8,Nantucket Island (Mass.) -- Juvenile fiction,Obedience -- Juvenile fiction,Faith -- Juvenile fiction,PZ,Family life -- Massachusetts -- Juvenile fiction
6689,17496,"Finley, Martha",Elsie at Home,http://www.gutenberg.org/ebooks/17496.txt.utf-8,PZ,"Dinsmore, Elsie (Fictitious character) -- Juvenile fiction",Marriage -- Juvenile fiction,Christian life -- Juvenile fiction,
6866,16699,"Cody, H. A. (Hiram Alfred)",Glen of the High North,http://www.gutenberg.org/ebooks/16699.txt.utf-8,PS,Alaska -- Fiction,Love stories,,
6906,32103,"Finley, Martha",Elsie in the South,http://www.gutenberg.org/ebooks/32103.txt.utf-8,PZ,Louisiana -- Juvenile fiction,"Dinsmore, Elsie (Fictitious character) -- Juvenile fiction",Christian life -- Juvenile fiction,
6916,14566,"Finley, Martha",Elsie's Motherhood,http://www.gutenberg.org/ebooks/14566.txt.utf-8,Religious fiction,PZ,"Dinsmore, Elsie (Fictitious character) -- Juvenile fiction",Domestic fiction,Christian life -- Juvenile fiction
7282,14883,"Finley, Martha",Grandmother Elsie,http://www.gutenberg.org/ebooks/14883.txt.utf-8,Religious fiction,Domestic fiction,PZ,"Dinsmore, Elsie (Fictitious character) -- Juvenile fiction",Christian life -- Juvenile fiction
8486,4585,"Curwood, James Oliver",God's Country—And the Woman,http://www.gutenberg.org/ebooks/4585.txt.utf-8,"Northwest, Canadian -- Fiction",Western stories,Canada -- Fiction,PS,
9045,38990,"Weyman, Stanley John",Ovington's Bank,http://www.gutenberg.org/ebooks/38990.txt.utf-8,England -- Social life and customs -- 19th century -- Fiction,PR,Banks and banking -- Fiction,Love stories,
9505,19649,"Tracy, Louis",The Captain of the Kansas,http://www.gutenberg.org/ebooks/19649.txt.utf-8,PR,Shipwrecks -- Fiction,Sea stories,Adventure stories,
9515,12104,"Holmes, Mary Jane",Ethelyn's Mistake,http://www.gutenberg.org/ebooks/12104.txt.utf-8,Married people -- Fiction,PS,United States -- Social life and customs -- Fiction,,
9564,35047,"Leslie, Madeline",Little Robins' Love One to Another,http://www.gutenberg.org/ebooks/35047.txt.utf-8,Children -- Conduct of life -- Juvenile fiction,Robins -- Juvenile fiction,PZ,Conduct of life -- Juvenile fiction,Birds -- Juvenile fiction
9732,72,"Burroughs, Edgar Rice","Thuvia, Maid of Mars",http://www.gutenberg.org/ebooks/72.txt.utf-8,Mars (Planet) -- Fiction,Science fiction,Martians -- Fiction,PS,
9815,4721,"Holmes, Mary Jane",Darkness and Daylight: A Novel,http://www.gutenberg.org/ebooks/4721.txt.utf-8,PS,Mental illness -- Fiction,Blind -- Fiction,Marriage -- Fiction,Guardian and ward -- Fiction
10236,45944,"Finley, Martha",Elsie Yachting with the Raymonds,http://www.gutenberg.org/ebooks/45944.txt.utf-8,Children -- Conduct of life -- Juvenile fiction,Yachts -- Juvenile fiction,PZ,Conduct of life -- Juvenile fiction,Voyages and travels -- Juvenile fiction
10744,19539,"Tracy, Louis",The Stowaway Girl,http://www.gutenberg.org/ebooks/19539.txt.utf-8,PZ,Stowaways -- Juvenile fiction,Sea stories,Adventure stories,Shipwrecks -- Juvenile fiction
10770,39294,"Weyman, Stanley John",The Great House,http://www.gutenberg.org/ebooks/39294.txt.utf-8,PR,England -- Social life and customs -- 19th century -- Fiction,Inheritance and succession -- Fiction,Mate selection -- Fiction,Families -- Fiction
10897,12106,"Lorimer, George Horace",Old Gorgon Graham More Letters from a Self-Made Merchant to His Son,http://www.gutenberg.org/ebooks/12106.txt.utf-8,PS,Epistolary fiction,Merchants -- Fiction,Fathers and sons -- Fiction,Chicago (Ill.) -- Fiction
10997,39138,"Weyman, Stanley John",Starvecrow Farm,http://www.gutenberg.org/ebooks/39138.txt.utf-8,England -- Social life and customs -- 19th century -- Fiction,PR,Man-woman relationships -- Fiction,Adventure stories,Elopement -- Fiction
11278,14875,"Finley, Martha",Elsie's children,http://www.gutenberg.org/ebooks/14875.txt.utf-8,Religious fiction,"Dinsmore, Elsie (Fictitious character) -- Juvenile fiction",PZ,Families -- Juvenile fiction,Domestic fiction
11441,26617,"Leslie, Madeline",Minnie's Pet Parrot,http://www.gutenberg.org/ebooks/26617.txt.utf-8,Children -- Conduct of life -- Juvenile fiction,Children and animals -- Juvenile fiction,PZ,Parrots -- Juvenile fiction,Pets -- Social aspects -- Juvenile fiction
11512,35393,"Tracy, Louis",The Revellers,http://www.gutenberg.org/ebooks/35393.txt.utf-8,PR,Villages -- England -- Fiction,Identity -- Fiction,Spy stories,Young men -- Fiction
11579,42099,"Castlemon, Harry",Frank Before Vicksburg The Gun-Boat Series,http://www.gutenberg.org/ebooks/42099.txt.utf-8,Youth -- Conduct of life -- Juvenile fiction,Gunboats -- Juvenile fiction,Naval battles -- Juvenile fiction,"United States -- History -- Civil War, 1861-1865 -- Juvenile fiction",Sailors -- Juvenile fiction
11920,33964,"Hocking, Joseph",The Man Who Rose Again,http://www.gutenberg.org/ebooks/33964.txt.utf-8,PR,Man-woman relationships -- Fiction,Courtship -- Fiction,,
12134,2020,"Burroughs, Edgar Rice",Tarzan the Terrible,http://www.gutenberg.org/ebooks/2020.txt.utf-8,PZ,PS,Tarzan (Fictitious character) -- Fiction,Adventure stories,Fantasy fiction
12211,38871,"Weyman, Stanley John",Chippinge Borough,http://www.gutenberg.org/ebooks/38871.txt.utf-8,Political fiction,PR,Great Britain -- Politics and government -- 1800-1837 -- Fiction,Historical fiction,
12241,47113,"Tracy, Louis",The Message,http://www.gutenberg.org/ebooks/47113.txt.utf-8,PR,British -- Africa -- Fiction,Mate selection -- Fiction,Treasure troves -- Fiction,Adventure stories
12471,32225,"Finley, Martha",Elsie at Viamede,http://www.gutenberg.org/ebooks/32225.txt.utf-8,Louisiana -- Juvenile fiction,PZ,"Dinsmore, Elsie (Fictitious character) -- Juvenile fiction",Christian life -- Juvenile fiction,
12661,46317,"Finley, Martha","Ella Clinton; or, By Their Fruits Ye Shall Know Them",http://www.gutenberg.org/ebooks/46317.txt.utf-8,Orphans -- Juvenile fiction,PZ,Conduct of life -- Juvenile fiction,Girls -- Conduct of life -- Juvenile fiction,Christian life -- Juvenile fiction
12732,40102,"Hocking, Joseph",The Passion for Life,http://www.gutenberg.org/ebooks/40102.txt.utf-8,PR,Sick -- Fiction,"World War, 1914-1918 -- Naval operations -- Submarine -- Fiction","World War, 1914-1918 -- England -- Fiction",Cornwall (England : County) -- Fiction
12793,46250,"Finley, Martha",The Thorn in the Nest,http://www.gutenberg.org/ebooks/46250.txt.utf-8,Christian life -- Fiction,PS,Frontier and pioneer life -- Ohio -- Fiction,Physicians -- Fiction,
13115,10084,"Curwood, James Oliver",Kazan,http://www.gutenberg.org/ebooks/10084.txt.utf-8,PS,Dogs -- Fiction,Wolfdogs -- Fiction,,
13117,35746,"Leslie, Madeline","The Pearl of Peace; or, The Little Peacemaker",http://www.gutenberg.org/ebooks/35746.txt.utf-8,School children -- Juvenile fiction,PZ,Conduct of life -- Juvenile fiction,Uncles -- Juvenile fiction,Children -- Death -- Religious aspects -- Juvenile fiction
13560,92,"Burroughs, Edgar Rice",Tarzan and the Jewels of Opar,http://www.gutenberg.org/ebooks/92.txt.utf-8,Fantasy fiction,Tarzan (Fictitious character) -- Fiction,Adventure stories,PS,
13766,39168,"Weyman, Stanley John",Sophia: A Romance,http://www.gutenberg.org/ebooks/39168.txt.utf-8,PR,Love stories,"Great Britain -- History -- George II, 1727-1760 -- Fiction",Young women -- Fiction,England -- Social life and customs -- 18th century -- Fiction
13958,31472,"Tracy, Louis",Cynthia's Chauffeur,http://www.gutenberg.org/ebooks/31472.txt.utf-8,PR,Americans -- England -- Fiction,Love stories,Chauffeurs -- Fiction,
14091,12170,"Curwood, James Oliver",The Wolf Hunters: A Tale of Adventure in the Wilderness,http://www.gutenberg.org/ebooks/12170.txt.utf-8,PS,Canada -- Fiction,Hunters -- Fiction,Wolf hunting -- Fiction,Indians of North America -- Canada -- Fiction
14099,33523,"Leslie, Madeline",Little Frankie at School,http://www.gutenberg.org/ebooks/33523.txt.utf-8,Children -- Conduct of life -- Juvenile fiction,Students -- Juvenile fiction,Christian life -- Juvenile fiction,Conduct of life -- Juvenile fiction,Teacher-student relationships -- Juvenile fiction
14221,85,"Burroughs, Edgar Rice",The Beasts of Tarzan,http://www.gutenberg.org/ebooks/85.txt.utf-8,PS,Tarzan (Fictitious character) -- Fiction,Jungle animals -- Fiction,PZ,Fantasy fiction
14514,46178,"Tracy, Louis",Flower of the Gorse,http://www.gutenberg.org/ebooks/46178.txt.utf-8,PR,Brittany (France) -- Fiction,Mystery and detective stories,,
14542,42101,"Castlemon, Harry",Frank on the Prairie,http://www.gutenberg.org/files/42101/42101-0.txt,Youth -- Conduct of life -- Juvenile fiction,Hunters -- Juvenile fiction,PZ,Conduct of life -- Juvenile fiction,Trappers -- Juvenile fiction
14902,26618,"Leslie, Madeline",Minnie's Pet Monkey,http://www.gutenberg.org/ebooks/26618.txt.utf-8,Children -- Conduct of life -- Juvenile fiction,Children and animals -- Juvenile fiction,PZ,Pets -- Social aspects -- Juvenile fiction,Natural history -- Juvenile fiction
15380,40491,"Du Boisgobey, Fortuné",The Red Lottery Ticket,http://www.gutenberg.org/ebooks/40491.txt.utf-8,Detective and mystery stories,PQ,Fiction,,
15587,17349,"Castlemon, Harry",Frank among the Rancheros,http://www.gutenberg.org/ebooks/17349.txt.utf-8,PZ,Ranchers -- Juvenile fiction,Peasants -- Mexico -- Juvenile fiction,"California, Southern -- Juvenile fiction",
16218,26619,"Leslie, Madeline",Minnie's Pet Lamb,http://www.gutenberg.org/ebooks/26619.txt.utf-8,Children -- Conduct of life -- Juvenile fiction,Children and animals -- Juvenile fiction,PZ,Pets -- Social aspects -- Juvenile fiction,Natural history -- Juvenile fiction
16603,28682,"Leslie, Madeline",Minnie's Pet Cat,http://www.gutenberg.org/ebooks/28682.txt.utf-8,Children -- Conduct of life -- Juvenile fiction,Cats -- Juvenile fiction,Children and animals -- Juvenile fiction,PZ,Pets -- Social aspects -- Juvenile fiction
16706,1401,"Burroughs, Edgar Rice",Tarzan the Untamed,http://www.gutenberg.org/ebooks/1401.txt.utf-8,PS,Tarzan (Fictitious character) -- Fiction,Adventure stories,Fantasy fiction,
16843,33226,"Castlemon, Harry","No Moss; Or, The Career of a Rolling Stone",http://www.gutenberg.org/ebooks/33226.txt.utf-8,Newport (R.I.) -- Juvenile fiction,Yachts -- Juvenile fiction,Children -- Conduct of life -- Juvenile fiction,PZ,Conduct of life -- Juvenile fiction
16985,32163,"Finley, Martha",Elsie on the Hudson,http://www.gutenberg.org/ebooks/32163.txt.utf-8,PZ,Christian fiction,Courtship -- Juvenile fiction,"Dinsmore, Elsie (Fictitious character) -- Juvenile fiction",Children's stories
17079,6440,"Finley, Martha",Elsie Dinsmore,http://www.gutenberg.org/ebooks/6440.txt.utf-8,PZ,Fathers and daughters -- Juvenile fiction,Family life -- Southern States -- Juvenile fiction,Southern States -- History -- 19th century -- Juvenile fiction,Christian life -- Juvenile fiction
17152,3619,"Holmes, Mary Jane",Cousin Maude,http://www.gutenberg.org/ebooks/3619.txt.utf-8,New York (State) -- Fiction,PS,Families -- Fiction,,
17175,68,"Burroughs, Edgar Rice",Warlord of Mars,http://www.gutenberg.org/ebooks/68.txt.utf-8,PS,Dejah Thoris (Fictitious character) -- Fiction,"Carter, John (Fictitious character) -- Fiction",Mars (Planet) -- Fiction,Science fiction
17490,23683,"Leslie, Madeline","Bertie's Home; or, the Way to be Happy",http://www.gutenberg.org/ebooks/23683.txt.utf-8,Country life -- Juvenile fiction,Children -- Conduct of life -- Juvenile fiction,Brothers and sisters -- Juvenile fiction,PZ,Fathers and sons -- Juvenile fiction
18205,4702,"Curwood, James Oliver",The Flaming Forest,http://www.gutenberg.org/ebooks/4702.txt.utf-8,PS,Western stories,"Northwest, Canadian -- Fiction",Mounted police -- Fiction,Wilderness areas -- Fiction
18402,19485,"Weyman, Stanley John",The Long Night,http://www.gutenberg.org/ebooks/19485.txt.utf-8,PR,"Geneva (Switzerland) -- History -- Siege, 1602 -- Fiction",Historical fiction,,
18612,29100,"Weyman, Stanley John",The Wild Geese,http://www.gutenberg.org/ebooks/29100.txt.utf-8,PR,Adventure stories,Ireland -- Fiction,,
19213,45963,"Finley, Martha",Mildred at Home: With Something About Her Relatives and Friends.,http://www.gutenberg.org/ebooks/45963.txt.utf-8,Outdoor life -- Juvenile fiction,Girls -- Conduct of life -- Juvenile fiction,PZ,Conduct of life -- Juvenile fiction,Physicians -- Juvenile fiction
19591,34277,"Tracy, Louis",A Mysterious Disappearance,http://www.gutenberg.org/ebooks/34277.txt.utf-8,PR,Detective and mystery stories,Fiction,,
20033,39295,"Weyman, Stanley John",The Man in Black,http://www.gutenberg.org/ebooks/39295.txt.utf-8,"France -- History -- Louis XIII, 1610-1643 -- Fiction",PR,Historical fiction,,
20137,38978,"Finley, Martha",Mildred's New Daughter,http://www.gutenberg.org/ebooks/38978.txt.utf-8,PZ,Brothers and sisters -- Juvenile fiction,Orphans -- Juvenile fiction,,
20363,12405,"Castlemon, Harry","Frank, the Young Naturalist",http://www.gutenberg.org/ebooks/12405.txt.utf-8,Youth -- Conduct of life -- Juvenile fiction,Hunters -- Juvenile fiction,Sailors -- Juvenile fiction,Naturalists -- Juvenile fiction,PZ
20433,552,"Burroughs, Edgar Rice",The People That Time Forgot,http://www.gutenberg.org/ebooks/552.txt.utf-8,Science fiction,Lost continents -- Fiction,PS,,
20481,18076,"Castlemon, Harry",The Boy Trapper,http://www.gutenberg.org/ebooks/18076.txt.utf-8,PZ,Adventure and adventurers -- Juvenile fiction,Children's stories,,
20696,43390,"Leslie, Madeline",The Factory Boy,http://www.gutenberg.org/ebooks/43390.txt.utf-8,Faith -- Juvenile fiction,Children -- Conduct of life -- Juvenile fiction,Clothing factories -- Juvenile fiction,Charity -- Juvenile fiction,Conduct of life -- Juvenile fiction
21142,37857,"Castlemon, Harry",The Haunted Mine,http://www.gutenberg.org/ebooks/37857.txt.utf-8,Youth -- Conduct of life -- Juvenile fiction,Telegraph -- Employees -- Juvenile fiction,Orphans -- Juvenile fiction,PZ,Ghosts -- Juvenile fiction
21260,14488,"Finley, Martha",Elsie's Kith and Kin,http://www.gutenberg.org/ebooks/14488.txt.utf-8,Sick -- Juvenile fiction,PZ,"Dinsmore, Elsie (Fictitious character) -- Juvenile fiction",Conduct of life -- Juvenile fiction,Southern States -- History -- 19th century -- Juvenile fiction
21588,42113,"Castlemon, Harry","The First Capture; or, Hauling Down the Flag of England",http://www.gutenberg.org/ebooks/42113.txt.utf-8,War -- Juvenile fiction,War stories,"United States -- History -- Revolution, 1775-1783 -- Juvenile fiction",Husband and wife -- Juvenile fiction,Sailors -- Juvenile fiction
21594,369,"Burroughs, Edgar Rice",The Outlaw of Torn,http://www.gutenberg.org/files/369/369-0.txt,PS,"Great Britain -- History -- Henry III, 1216-1272 -- Fiction",Outlaws -- Fiction,Historical fiction,
21823,33811,"Leslie, Madeline","The Pearl of Love; or, Josey's Gift",http://www.gutenberg.org/ebooks/33811.txt.utf-8,PZ,Love -- Juvenile fiction,Christian life -- Juvenile fiction,Brothers and sisters -- Juvenile fiction,Families -- Juvenile fiction
22212,35074,"Tracy, Louis",His Unknown Wife,http://www.gutenberg.org/ebooks/35074.txt.utf-8,PR,Shipwreck survival -- Fiction,Treasure troves -- Fiction,Adventure stories,Love stories
22232,16150,"Holmes, Mary Jane",Miss McDonald,http://www.gutenberg.org/ebooks/16150.txt.utf-8,PS,Man-woman relationships -- Fiction,Marriage -- Fiction,Divorce -- Fiction,
22443,39296,"Weyman, Stanley John",The Story of Francis Cludde,http://www.gutenberg.org/ebooks/39296.txt.utf-8,PR,Historical fiction,"Great Britain -- History -- Mary I, 1553-1558 -- Fiction",,
22795,14910,"Finley, Martha",Elsie at the World's Fair,http://www.gutenberg.org/ebooks/14910.txt.utf-8,PZ,"Dinsmore, Elsie (Fictitious character) -- Juvenile fiction","World's Columbian Exposition (1893 : Chicago, Ill.) -- Juvenile fiction",Family -- Juvenile fiction,Christian life -- Juvenile fiction
22858,46010,"Finley, Martha",Elsie's Journey on Inland Waters,http://www.gutenberg.org/ebooks/46010.txt.utf-8,Youth -- Conduct of life -- Juvenile fiction,"United States -- History -- Revolution, 1775-1783 -- Juvenile fiction",PZ,Conduct of life -- Juvenile fiction,Trust in God -- Juvenile fiction
22911,4704,"Curwood, James Oliver",Nomads of the North: A Story of Romance and Adventure under the Open Stars,http://www.gutenberg.org/ebooks/4704.txt.utf-8,Friendship -- Fiction,Dogs -- Fiction,PS,Adventure stories,Bears -- Fiction
22998,551,"Burroughs, Edgar Rice",The Land That Time Forgot,http://www.gutenberg.org/ebooks/551.txt.utf-8,PS,Lost continents -- Fiction,Prehistoric peoples -- Fiction,Dinosaurs -- Fiction,Science fiction
24221,39214,"Weyman, Stanley John",When Love Calls,http://www.gutenberg.org/ebooks/39214.txt.utf-8,PR,England -- Fiction,France -- Fiction,"Short stories, English",
24287,26391,"Cody, H. A. (Hiram Alfred)",The Unknown Wrestler,http://www.gutenberg.org/ebooks/26391.txt.utf-8,PS,Wrestling -- Fiction,Wrestlers -- Fiction,Canada -- Fiction,
24557,904,"Stratton-Porter, Gene",Her Father's Daughter,http://www.gutenberg.org/files/904/904-0.txt,Friendship -- Fiction,Interpersonal relations -- Fiction,Sisters -- Fiction,PS,Adventure and adventurers -- Fiction
24589,26620,"Leslie, Madeline",Minnie's Pet Horse,http://www.gutenberg.org/ebooks/26620.txt.utf-8,Children -- Conduct of life -- Juvenile fiction,Horses -- Juvenile fiction,Children and animals -- Juvenile fiction,PZ,Shetland pony -- Juvenile fiction
24755,36368,"Cody, H. A. (Hiram Alfred)",If Any Man Sin,http://www.gutenberg.org/ebooks/36368.txt.utf-8,Yukon -- Fiction,Atonement -- Fiction,Clergy -- Fiction,PS,
24861,26497,"Leslie, Madeline","Bertie and the Gardeners; or, The Way to be Happy",http://www.gutenberg.org/ebooks/26497.txt.utf-8,PZ,Children -- Conduct of life -- Juvenile fiction,Country life -- Juvenile fiction,Fathers and sons -- Juvenile fiction,Brothers and sisters -- Juvenile fiction
24914,125,"Stratton-Porter, Gene",A Girl of the Limberlost,http://www.gutenberg.org/files/125/125-0.txt,PS,Conflict of generations -- Fiction,PZ,Bildungsromans,Girls -- Fiction
25304,33775,"Leslie, Madeline",Little Robins Learning to Fly,http://www.gutenberg.org/ebooks/33775.txt.utf-8,Children -- Conduct of life -- Juvenile fiction,Robins -- Juvenile fiction,PZ,Conduct of life -- Juvenile fiction,Animal welfare -- Juvenile fiction
25646,13379,"Finley, Martha",The Two Elsies A Sequel to Elsie at Nantucket,http://www.gutenberg.org/ebooks/13379.txt.utf-8,PZ,Families -- Juvenile fiction,"Dinsmore, Elsie (Fictitious character) -- Juvenile fiction",Christmas -- Juvenile fiction,Christian life -- Juvenile fiction
26007,9963,"Finley, Martha","Elsie's Girlhood A Sequel to ""Elsie Dinsmore"" and ""Elsie's Holidays at Roselands""",http://www.gutenberg.org/ebooks/9963.txt.utf-8,PZ,Domestic fiction,Christian life -- Juvenile fiction,Religious fiction,"Dinsmore, Elsie (Fictitious character) -- Juvenile fiction"
26036,4633,"Curwood, James Oliver",Philip Steele of the Royal Northwest Mounted Police,http://www.gutenberg.org/files/4633/4633-0.txt,Royal Canadian Mounted Police -- Fiction,"Northwest, Canadian -- Fiction",Western stories,Mounted police -- Fiction,PS
26046,39297,"Weyman, Stanley John",The Red Cockade,http://www.gutenberg.org/ebooks/39297.txt.utf-8,PR,"France -- History -- Revolution, 1789-1799 -- Fiction",Historical fiction,,
26152,17227,"Cody, H. A. (Hiram Alfred)",Rod of the Lone Patrol,http://www.gutenberg.org/ebooks/17227.txt.utf-8,PS,Boy Scouts -- Fiction,Canada -- Fiction,,
26459,363,"Burroughs, Edgar Rice",The Oakdale Affair,http://www.gutenberg.org/files/363/363-0.txt,PS,Mystery fiction,Adventure stories,,
26630,45804,"Finley, Martha",Elsie and Her Namesakes,http://www.gutenberg.org/ebooks/45804.txt.utf-8,PZ,Families -- Juvenile fiction,Christian fiction,"Dinsmore, Elsie (Fictitious character) -- Juvenile fiction",Southern States -- Juvenile fiction
26851,14917,"Tracy, Louis",The Wings of the Morning,http://www.gutenberg.org/ebooks/14917.txt.utf-8,PR,Shipwrecks -- Fiction,Mines and mineral resources -- Fiction,Islands -- Fiction,Love stories
26918,29405,"Burroughs, Edgar Rice",The Gods of Mars,http://www.gutenberg.org/ebooks/29405.txt.utf-8,PS,Dejah Thoris (Fictitious character) -- Fiction,Mars (Planet) -- Fiction,"Carter, John (Fictitious character) -- Fiction",Science fiction
27076,21959,"Lorimer, George Horace","Letters from a Self-Made Merchant to His Son Being the Letters written by John Graham, Head of the House of Graham & Company, Pork-Packers in Chicago, familiarly known on 'Change as ""Old Gorgon Graham,"" to his Son, Pierrepont, facetiously known to his intimates as ""Piggy.""",http://www.gutenberg.org/ebooks/21959.txt.utf-8,PS,Epistolary fiction,Merchants -- Fiction,Fathers and sons -- Fiction,Chicago (Ill.) -- Fiction
27224,90,"Burroughs, Edgar Rice",The Son of Tarzan,http://www.gutenberg.org/ebooks/90.txt.utf-8,PZ,PS,Tarzan (Fictitious character) -- Fiction,Adventure stories,Fantasy fiction
27687,4515,"Curwood, James Oliver",The Golden Snare,http://www.gutenberg.org/ebooks/4515.txt.utf-8,PS,Fugitives from justice -- Fiction,Western stories,"Northwest, Canadian -- Fiction",Mounted police -- Fiction
27700,14532,"Ford, Paul Leicester",The Honorable Peter Stirling and What People Thought of Him,http://www.gutenberg.org/ebooks/14532.txt.utf-8,PS,Labor movement -- Fiction,Tenement houses -- Fiction,Political fiction,New York (N.Y.) -- Fiction
27704,6374,"Brebner, Percy James",Princess Maritza,http://www.gutenberg.org/ebooks/6374.txt.utf-8,PR,British -- Foreign countries -- Fiction,Adventure stories,,
27757,123,"Burroughs, Edgar Rice",At the Earth's Core,http://www.gutenberg.org/ebooks/123.txt.utf-8,Science fiction,Fantasy fiction,Earth (Planet) -- Core -- Fiction,Adventure stories,PS
28022,39432,"Tracy, Louis",The House 'Round the Corner,http://www.gutenberg.org/ebooks/39432.txt.utf-8,PR,Mystery fiction,Yorkshire (England) -- Social life and customs -- Fiction,,
28104,28391,"Castlemon, Harry",True To His Colors,http://www.gutenberg.org/ebooks/28391.txt.utf-8,PZ,PS,"United States -- History -- Civil War, 1861-1865 -- Fiction",,
28151,36121,"Oyen, Henry",The Snow-Burner,http://www.gutenberg.org/files/36121/36121-0.txt,Lumber camps -- Fiction,PS,Minnesota -- Fiction,,
28314,331,"Burroughs, Edgar Rice",The Mucker,http://www.gutenberg.org/files/331/331-0.txt,PS,Adventure stories,Fiction,,
28536,9849,"Brebner, Percy James",The Brown Mask,http://www.gutenberg.org/ebooks/9849.txt.utf-8,PR,"Great Britain -- History -- James II, 1685-1688 -- Fiction",Adventure stories,Fiction,
28722,4707,"Curwood, James Oliver",The Valley of Silent Men: A Story of the Three River Country,http://www.gutenberg.org/ebooks/4707.txt.utf-8,Athabasca (Alta.) -- Fiction,PS,Western stories,Athabasca River Valley (Alta.) -- Fiction,Royal North West Mounted Police (Canada) -- Fiction
29658,349,"Stratton-Porter, Gene",The Harvester,http://www.gutenberg.org/files/349/349-0.txt,PS,Herbalists -- Fiction,Didactic fiction,Indiana -- Fiction,
30231,1153,"Burroughs, Edgar Rice",The Chessmen of Mars,http://www.gutenberg.org/ebooks/1153.txt.utf-8,PS,Mars (Planet) -- Fiction,Science fiction,,
30485,46540,"Finley, Martha",Elsie's Winter Trip,http://www.gutenberg.org/ebooks/46540.txt.utf-8,Husband and wife -- Juvenile fiction,Youth -- Conduct of life -- Juvenile fiction,Parent and child -- Juvenile fiction,PZ,Conduct of life -- Juvenile fiction
31307,39136,"Weyman, Stanley John","Historical Romances: Under the Red Robe, Count Hannibal, A Gentleman of France",http://www.gutenberg.org/ebooks/39136.txt.utf-8,"France -- History -- Louis XIII, 1610-1643 -- Fiction",PR,Historical fiction,Huguenots -- Fiction,"France -- History -- Henry III, 1574-1589 -- Fiction"
31440,37042,"Hocking, Joseph",The Coming of the King,http://www.gutenberg.org/ebooks/37042.txt.utf-8,PR,"Great Britain -- History -- Charles II, 1660-1685 -- Fiction",Historical fiction,Adventure stories,
31598,34830,"Leslie, Madeline",Little Frankie and his Mother,http://www.gutenberg.org/ebooks/34830.txt.utf-8,Brothers -- Juvenile fiction,Dogs -- Juvenile fiction,PZ,Infants -- Juvenile fiction,Families -- Juvenile fiction
31652,40493,"Tracy, Louis",The King of Diamonds: A Tale of Mystery and Adventure,http://www.gutenberg.org/ebooks/40493.txt.utf-8,PR,Detective and mystery stories,Fiction,,
31865,29406,"Curwood, James Oliver",The Country Beyond: A Romance of the Wilderness,http://www.gutenberg.org/ebooks/29406.txt.utf-8,PS,Western stories,Wilderness areas -- Fiction,,
31933,42870,"Finley, Martha",Mildred Keith,http://www.gutenberg.org/ebooks/42870.txt.utf-8,PZ,Brothers and sisters -- Juvenile fiction,Families -- Juvenile fiction,,
32395,46437,"Finley, Martha",The Tragedy of Wild River Valley,http://www.gutenberg.org/files/46437/46437-0.txt,Youth -- Conduct of life -- Juvenile fiction,Envy -- Juvenile fiction,Death -- Juvenile fiction,PZ,Revenge -- Juvenile fiction
32753,53885,"Curwood, James Oliver",A Gentleman of Courage: A Novel of the Wilderness,http://www.gutenberg.org/ebooks/53885.txt.utf-8,PS,Western stories,Wilderness areas -- Fiction,,
32779,364,"Burroughs, Edgar Rice",The Mad King,http://www.gutenberg.org/ebooks/364.txt.utf-8,PS,Fantasy fiction,Mistaken identity -- Fiction,Kings and rulers -- Fiction,Impostors and imposture -- Fiction
33141,1897,"Brand, Max",The Seventh Man,http://www.gutenberg.org/files/1897/1897-0.txt,PS,Western stories,Fiction,,
33327,14874,"Finley, Martha",Elsie's Womanhood,http://www.gutenberg.org/ebooks/14874.txt.utf-8,Religious fiction,PZ,Domestic fiction,"Dinsmore, Elsie (Fictitious character) -- Juvenile fiction",Christian life -- Juvenile fiction
33504,106,"Burroughs, Edgar Rice",Jungle Tales of Tarzan,http://www.gutenberg.org/ebooks/106.txt.utf-8,Apes -- Fiction,PS,Jungles -- Fiction,Tarzan (Fictitious character) -- Fiction,Africa -- Fiction
33529,25017,"Tracy, Louis",A Son of the Immortals,http://www.gutenberg.org/ebooks/25017.txt.utf-8,PR,Artists -- Fiction,Kings and rulers -- Fiction,Love stories,
33583,46537,"Finley, Martha",Mildred at Roselands A Sequel to Mildred Keith,http://www.gutenberg.org/ebooks/46537.txt.utf-8,PZ,United States -- Social life and customs -- 19th century -- Juvenile fiction,Young women -- Conduct of life -- Juvenile fiction,Christian life -- Juvenile fiction,
33597,3475,"Burroughs, Edgar Rice",The Efficiency Expert,http://www.gutenberg.org/ebooks/3475.txt.utf-8,PS,Chicago (Ill.) -- Fiction,Gangsters -- Fiction,College graduates -- Fiction,
33807,33521,"Leslie, Madeline",Little Frankie at His Plays,http://www.gutenberg.org/ebooks/33521.txt.utf-8,Dogs -- Juvenile fiction,Play -- Juvenile fiction,Children -- Conduct of life -- Juvenile fiction,PZ,Conduct of life -- Juvenile fiction
33919,30428,"Castlemon, Harry","Elam Storm, the Wolfer; Or, The Lost Nugget",http://www.gutenberg.org/ebooks/30428.txt.utf-8,PZ,Outdoor life -- Juvenile fiction,Adventure and adventurers -- Juvenile fiction,Hunting -- Juvenile fiction,Uncles -- Juvenile fiction
33985,17020,"Lorimer, George Horace",The False Gods,http://www.gutenberg.org/ebooks/17020.txt.utf-8,Paranormal fiction,Journalists -- Fiction,Fantasy fiction,PS,
34533,10066,"Brand, Max",Gunman's Reckoning,http://www.gutenberg.org/ebooks/10066.txt.utf-8,PS,Western stories,Man-woman relationships -- Fiction,Outlaws -- Fiction,Frontier and pioneer life -- West (U.S.) -- Fiction
34604,11668,"Curwood, James Oliver",The Gold Hunters A Story of Life and Adventure in the Hudson Bay Wilds,http://www.gutenberg.org/ebooks/11668.txt.utf-8,PS,Hudson Bay -- Fiction,Gold mines and mining -- Fiction,,
34843,14909,"Finley, Martha",Elsie's New Relations What They Did and How They Fared at Ion; A Sequel to Grandmother Elsie,http://www.gutenberg.org/ebooks/14909.txt.utf-8,Religious fiction,PZ,Domestic fiction,"Dinsmore, Elsie (Fictitious character) -- Juvenile fiction",Christian life -- Juvenile fiction
35354,532,"Stratton-Porter, Gene",At the Foot of the Rainbow,http://www.gutenberg.org/ebooks/532.txt.utf-8,Friendship -- Fiction,Interpersonal relations -- Fiction,PS,Farm life -- Fiction,Didactic fiction
36091,25201,"Leslie, Madeline",The Lost Kitty,http://www.gutenberg.org/ebooks/25201.txt.utf-8,PZ,Gratitude -- Juvenile fiction,Christian life -- Juvenile fiction,,
36558,30980,"Libbey, Laura Jean","Kidnapped at the Altar; Or, The Romance of that Saucy Jessie Bain",http://www.gutenberg.org/ebooks/30980.txt.utf-8,PS,Dime novels,Love stories,Adventure stories,Fiction
36714,25136,"Hocking, Joseph",The Pomp of Yesterday,http://www.gutenberg.org/ebooks/25136.txt.utf-8,PR,Methodist Church (Great Britain) -- Fiction,"World War, 1914-1918 -- Fiction",,
37035,38910,"Weyman, Stanley John",The Abbess Of Vlaye,http://www.gutenberg.org/ebooks/38910.txt.utf-8,PR,Historical fiction,"France -- History -- Henry IV, 1589-1610 -- Fiction",,
37693,15607,"Holmes, Mary Jane","Family Pride; Or, Purified by Suffering",http://www.gutenberg.org/ebooks/15607.txt.utf-8,PS,American fiction,Dime novels,,
38918,33517,"Leslie, Madeline",Little Frankie on a Journey,http://www.gutenberg.org/ebooks/33517.txt.utf-8,Children -- Conduct of life -- Juvenile fiction,Parent and child -- Juvenile fiction,PZ,Learning -- Juvenile fiction,Christian life -- Juvenile fiction
39461,39218,"Hocking, Joseph",The Everlasting Arms,http://www.gutenberg.org/ebooks/39218.txt.utf-8,PR,England -- Social life and customs -- 20th century -- Fiction,Inheritance and succession -- Fiction,Good and evil -- Fiction,Angels -- Fiction
39590,15763,"Weyman, Stanley John",Count Hannibal: A Romance of the Court of France,http://www.gutenberg.org/ebooks/15763.txt.utf-8,PR,Courts and courtiers -- Fiction,Huguenots -- Fiction,,
39798,46188,"Finley, Martha",Elsie's Young Folks in Peace and War,http://www.gutenberg.org/ebooks/46188.txt.utf-8,War -- Juvenile fiction,Youth -- Conduct of life -- Juvenile fiction,"Spanish-American War, 1898 -- Juvenile fiction",United States -- History -- Juvenile fiction,PZ
39828,14280,"Finley, Martha",Holidays at Roselands A Sequel to Elsie Dinsmore,http://www.gutenberg.org/ebooks/14280.txt.utf-8,PZ,Domestic fiction,Family life -- Southern States -- Juvenile fiction,Southern States -- History -- 19th century -- Juvenile fiction,Christian life -- Juvenile fiction
39896,25463,"Hocking, Joseph",The Day of Judgment,http://www.gutenberg.org/ebooks/25463.txt.utf-8,PR,England -- Fiction,Methodists -- Fiction,,
40196,18058,"Finley, Martha",Elsie's Vacation and After Events,http://www.gutenberg.org/ebooks/18058.txt.utf-8,PZ,"Dinsmore, Elsie (Fictitious character) -- Juvenile fiction",Conduct of life -- Juvenile fiction,Soldiers -- Juvenile fiction,Vacations -- Juvenile fiction
40425,34468,"Brebner, Percy James",Christopher Quarles: College Professor and Master Detective,http://www.gutenberg.org/ebooks/34468.txt.utf-8,PR,Detective and mystery stories,College teachers -- Fiction,,
40764,24976,"Hocking, Joseph",Roger Trewinion,http://www.gutenberg.org/ebooks/24976.txt.utf-8,PR,Methodist Church (Great Britain) -- Fiction,Cornwall (England : County) -- Fiction,,
40818,39137,"Weyman, Stanley John",Shrewsbury: A Romance,http://www.gutenberg.org/ebooks/39137.txt.utf-8,PR,"Great Britain -- History -- William and Mary, 1689-1702 -- Fiction",Historical fiction,,
41169,13740,"Libbey, Laura Jean",Mischievous Maid Faynie,http://www.gutenberg.org/ebooks/13740.txt.utf-8,PS,Dime novels,Impostors and imposture -- Fiction,Adventure stories,Love stories
41478,45651,"Finley, Martha",Mildred and Elsie,http://www.gutenberg.org/ebooks/45651.txt.utf-8,Children -- Conduct of life -- Juvenile fiction,PZ,Conduct of life -- Juvenile fiction,Uncles -- Juvenile fiction,Tithes -- Juvenile fiction
41569,10977,"Curwood, James Oliver",The Grizzly King: A Romance of the Wild,http://www.gutenberg.org/ebooks/10977.txt.utf-8,PS,Grizzly bear -- Fiction,Wilderness areas -- Fiction,,
41953,33522,"Leslie, Madeline",Little Frankie and His Cousin,http://www.gutenberg.org/ebooks/33522.txt.utf-8,Children -- Conduct of life -- Juvenile fiction,Obedience -- Juvenile fiction,PZ,Truthfulness and falsehood -- Juvenile fiction,Conduct of life -- Juvenile fiction
41989,48356,"Finley, Martha",Elsie at Ion,http://www.gutenberg.org/files/48356/48356-0.txt,Mormons -- Juvenile fiction,Youth -- Conduct of life -- Juvenile fiction,Conduct of life -- Juvenile fiction,Happiness -- Juvenile fiction,PZ
42340,11328,"Curwood, James Oliver",The Hunted Woman,http://www.gutenberg.org/ebooks/11328.txt.utf-8,"Northwest, Canadian -- Fiction",Suspense fiction,Adventure stories,PS,
42349,38353,"Finley, Martha",Elsie's Widowhood A Sequel to Elsie's Children,http://www.gutenberg.org/ebooks/38353.txt.utf-8,Religious fiction,Domestic fiction,PZ,"Dinsmore, Elsie (Fictitious character) -- Juvenile fiction",Christian life -- Juvenile fiction
42536,11880,"Brand, Max",Ronicky Doone,http://www.gutenberg.org/ebooks/11880.txt.utf-8,New York (N.Y.) -- Fiction,PS,Gamblers -- Fiction,Western stories,"Doone, Ronicky (Fictitious character) -- Fiction"
42942,605,"Burroughs, Edgar Rice",Pellucidar,http://www.gutenberg.org/ebooks/605.txt.utf-8,Science fiction,Earth (Planet) -- Core -- Fiction,Adventure stories,PS,
43703,42307,"Castlemon, Harry",Frank in the Woods,http://www.gutenberg.org/ebooks/42307.txt.utf-8,Children -- Conduct of life -- Juvenile fiction,Hunters -- Juvenile fiction,West (U.S.) -- Juvenile fiction,"Mexican War, 1846-1848 -- Juvenile fiction",Conduct of life -- Juvenile fiction
43790,9489,"Stratton-Porter, Gene",Michael O'Halloran,http://www.gutenberg.org/ebooks/9489.txt.utf-8,PS,Indiana -- Fiction,City and town life -- Fiction,Didactic fiction,Orphans -- Fiction
44280,38872,"Weyman, Stanley John",A Little Wizard,http://www.gutenberg.org/ebooks/38872.txt.utf-8,PR,"Great Britain -- History -- Civil War, 1642-1649 -- Fiction",Historical fiction,,
